name,introduction,gender,age
山田 太郎,"こんにちは、山田太郎です。趣味は読書とジョギングで、最近はミステリー小説にハマっています。",male,35
佐藤 花子,"初めまして、佐藤花子と申します。趣味は華道で、季節の花をいけるのが楽しみです。",female,29
鈴木 健,"鈴木健です。週末はハイキングに出かけ、自然の中でリフレッシュしています。",male,42
田中 理恵,"こんにちは、田中理恵です。ヨガインストラクターをしており、健康的なライフスタイルを大切にしています。",female,31
高橋 大輔,"高橋大輔と申します。IT企業でエンジニアをしており、新技術の勉強が趣味です。",male,27
中村 咲,"中村咲です。カフェ巡りが好きで、いつか自分で小さな喫茶店を開きたいと思っています。",female,24
小林 翔太,"初めまして、小林翔太です。アマチュア写真家として、風景写真を撮るのが日課です。",male,38
渡辺 美紀,"渡辺美紀といいます。週末は美術館巡りをして、芸術からインスピレーションを得ています。",female,33
佐々木 誠,"佐々木誠です。ランニングクラブで仲間とトレーニングし、フルマラソン完走を目指しています。",male,41
斎藤 彩,"こんにちは、斎藤彩です。イラストレーターとして活動しており、子供向け絵本を描くのが夢です。",female,26
加藤 修,"加藤修です。家庭菜園で野菜を育て、自然の恵みに感謝しながら暮らしています。",male,50
伊藤 美穂,"伊藤美穂と申します。ピアノ講師をしており、生徒たちと一緒に音楽を楽しんでいます。",female,36
松本 一郎,"松本一郎です。週末はDIYに熱中しており、自宅のインテリアを工夫するのが趣味です。",male,44
林 絵里,"はじめまして、林絵里です。お菓子作りが得意で、いつか自分のスイーツショップを持ちたいです。",female,28
清水 徹,"清水徹です。趣味は囲碁で、定期的に近所の碁会所に通っています。",male,53
山本 香,"山本香と申します。フリーランスライターとして、旅や食に関する記事を書いています。",female,39
森田 勇,"森田勇です。地元のボランティア団体で子ども向けスポーツ教室を開催しています。",male,22
橋本 優子,"こんにちは、橋本優子です。アロマセラピストとして、人々の心身を癒やす仕事をしています。",female,34
石川 光,"石川光と申します。大学で哲学を教えており、学生たちとの議論を楽しんでいます。",male,58
上田 由香,"上田由香です。趣味はフラワーアレンジメントで、季節の花々を飾ることが日課です。",female,30
吉田 剛,"吉田剛です。昔から筋トレが趣味で、健康と筋肉の維持に力を入れています。",male,29
村上 明日香,"はじめまして、村上明日香です。趣味は映画鑑賞で、新作映画をチェックするのが楽しみです。",female,25
石井 浩,"石井浩です。定年後は小さな畑を借りて、野菜作りに没頭しています。",male,62
近藤 彩華,"近藤彩華と申します。ハンドメイドアクセサリーを制作しており、ネットで販売しています。",female,33
秋山 亮,"秋山亮です。歴史小説が好きで、休日は図書館で資料を漁っています。",male,45
坂本 美由紀,"坂本美由紀です。フィットネストレーナーとして、人々の健康サポートに取り組んでいます。",female,37
藤田 光,"藤田光と申します。演劇が趣味で、地元の劇団で役者として活動しています。",male,24
河野 美晴,"こんにちは、河野美晴です。パン作りが得意で、家族や友人に焼きたてのパンを振る舞うのが楽しみです。",female,41
小川 亮,"小川亮です。週末はアコースティックギターを弾きながら、のんびり歌っています。",male,27
後藤 千尋,"後藤千尋です。地方の特産品を紹介するブログを書いており、地域活性化に貢献したいです。",female,29
岡本 修二,"岡本修二と申します。釣りが趣味で、日の出前から川辺に立っています。",male,47
宮崎 薫,"宮崎薫です。語学学習が好きで、今はスペイン語に挑戦中です。",female,22
木村 昇,"初めまして、木村昇です。建築設計士として、人が暮らしやすい空間を考えています。",male,54
野村 菜々,"野村菜々です。キャンプが趣味で、自然の中で過ごす時間を大切にしています。",female,26
原田 勇作,"原田勇作と申します。陶芸家として、自分の作品で人々の生活を彩りたいと願っています。",male,43
石田 梓,"石田梓です。イタリア料理が好きで、パスタやピザを手作りしています。",female,38
松井 進,"松井進と申します。バードウォッチングが趣味で、珍しい鳥を探して旅します。",male,59
西村 結,"はじめまして、西村結です。日々の暮らしを写真に収め、SNSで発信しています。",female,21
藤本 健太,"藤本健太です。山登りが好きで、毎年新しい山に挑戦しています。",male,36
三浦 美穂,"三浦美穂と申します。アクセサリーデザインの仕事をしており、新作を発表するのが楽しみです。",female,32
永井 修,"永井修です。囲碁クラブの会長を務めており、新人にも丁寧に指導しています。",male,65
小松 実咲,"小松実咲です。ヨーロッパ旅行が好きで、異文化に触れることで刺激を受けています。",female,44
菊池 和,"菊池和と申します。ギター製作が趣味で、自分だけの音色を追求しています。",male,40
吉川 千夏,"吉川千夏です。マラソン大会に出場しており、自己ベスト更新を目指しています。",female,35
松下 亮,"松下亮です。週末はサイクリングに出かけ、風を感じながら運動しています。",male,28
井上 若葉,"井上若葉と申します。現代アートが好きで、美術展を巡るのが生きがいです。",female,39
小野 渉,"小野渉です。自宅でコーヒー豆を焙煎し、友人に振る舞っています。",male,33
杉山 香織,"杉山香織です。フリーランス翻訳家として、海外文学を日本に紹介するお手伝いをしています。",female,31
大野 俊,"大野俊と申します。週末は釣り堀で時間を過ごし、鯉を狙っています。",male,46
